{"cameraMode":{"drawMode":0,"name":"Shaded","section":"Shading Mode"},"sceneLighting":true,"audioPlay":false,"sceneViewState":{"m_AlwaysRefresh":false,"showFog":true,"showSkybox":true,"showFlares":true,"showImageEffects":true,"showParticleSystems":true,"showVisualEffectGraphs":true,"m_FxEnabled":true},"in2DMode":false,"pivot":{"x":-4.600915908813477,"y":-3.315037250518799,"z":9.546088218688965},"rotation":{"x":-0.17622606456279756,"y":0.13302694261074067,"z":-0.024043399840593339,"w":-0.9750245213508606},"size":14.663426399230957,"orthographic":false}