{"cameraMode":{"drawMode":0,"name":"Shaded","section":"Shading Mode"},"sceneLighting":true,"audioPlay":false,"sceneViewState":{"m_AlwaysRefresh":false,"showFog":true,"showSkybox":true,"showFlares":true,"showImageEffects":true,"showParticleSystems":true,"showVisualEffectGraphs":true,"m_FxEnabled":true},"in2DMode":false,"pivot":{"x":0.02054595947265625,"y":3.064631462097168,"z":-1.6834335327148438},"rotation":{"x":-0.051870591938495639,"y":0.925341784954071,"z":-0.13730639219284059,"w":-0.34956884384155276},"size":5.444713115692139,"orthographic":false}